Index,Type,Document Name / Company Name,Filing Date / Publication,Source URL,Local Path,Size (MB)
1,Compliance Guideline,sebi_icdr_master_circular.pdf,Official Regulation,https://www.sebi.gov.in/sebi_data/attachdocs/feb-2026/1770636136785.pdf,compliance_guidelines\sebi_icdr_master_circular.pdf,3.67 MB
2,Compliance Guideline,sebi_lodr_master_circular.pdf,Official Regulation,https://www.sebi.gov.in/sebi_data/attachdocs/jan-2026/1769776024792.pdf,compliance_guidelines\sebi_lodr_master_circular.pdf,4.11 MB
3,Compliance Guideline,sebi_sast_master_circular.pdf,Official Regulation,https://avantiscdnprodstorage.blob.core.windows.net/legalupdatedocs/21801/SEBI_Master_Circular_for_Substantial_Acquisition_of_Shares_and_Takeovers_FEB162023.pdf,compliance_guidelines\sebi_sast_master_circular.pdf,21.61 MB
4,IPO Prospectus,Laser Power and Infra Limited,03 Jun 2026,https://images.moneycontrol.com/news_html_files/pdffiles/Jun2026/laser-power.pdf,ipo_documents\2_laser_power_and_infra_limited_drhp.pdf,0.55 MB
5,IPO Prospectus,Pushp Brand India Limited,04 Jun 2026,https://images.moneycontrol.com/news_html_files/pdffiles/Jun2026/pushp-brand.pdf,ipo_documents\1_pushp_brand_india_limited_drhp.pdf,7.76 MB
6,IPO Prospectus,Gaurik Fashions Limited,15 May 2026,https://images.moneycontrol.com/news_html_files/pdffiles/May2026/gaurik-fashions.pdf,ipo_documents\6_gaurik_fashions_limited_drhp.pdf,8.36 MB
7,IPO Prospectus,Matangi Rubber Limited,02 Jun 2026,https://images.moneycontrol.com/news_html_files/pdffiles/Jun2026/matangi-rubber.pdf,ipo_documents\3_matangi_rubber_limited_drhp.pdf,12.89 MB
8,IPO Prospectus,Arohan Financial Services Limited,02 Jun 2026,https://images.moneycontrol.com/news_html_files/pdffiles/Jun2026/arohan-financial.pdf,ipo_documents\4_arohan_financial_services_limited_drhp.pdf,12.31 MB
9,IPO Prospectus,Absolute Projects India Limited,16 Apr 2026,https://images.moneycontrol.com/news_html_files/pdffiles/Apr2026/absolute-projects.pdf,ipo_documents\11_absolute_projects_india_limited_drhp.pdf,10.79 MB
10,IPO Prospectus,Dhoot Transmission Limited,29 May 2026,https://images.moneycontrol.com/news_html_files/pdffiles/May2026/dhoot-transmission.pdf,ipo_documents\5_dhoot_transmission_limited_drhp.pdf,8.01 MB
11,IPO Prospectus,Incred Holdings Limited,14 May 2026,https://images.moneycontrol.com/news_html_files/pdffiles/May2026/incred-holdings.pdf,ipo_documents\7_incred_holdings_limited_drhp.pdf,14.54 MB
12,IPO Prospectus,Jindal Supreme (India) Limited,05 May 2026,https://images.moneycontrol.com/news_html_files/pdffiles/May2026/jindal-supreme.pdf,ipo_documents\9_jindal_supreme_india_limited_drhp.pdf,12.15 MB
13,IPO Prospectus,Monomark Engineering India Limited,16 Apr 2026,https://images.moneycontrol.com/news_html_files/pdffiles/Apr2026/monomark-engineering.pdf,ipo_documents\10_monomark_engineering_india_limited_drhp.pdf,17.8 MB
14,IPO Prospectus,Online Instruments(India) Limited,14 May 14 May 2026,https://images.moneycontrol.com/news_html_files/pdffiles/May2026/online-instruments.pdf,ipo_documents\8_online_instrumentsindia_limited_drhp.pdf,15.93 MB
15,IPO Prospectus,Bharat PET Limited,09 Apr 2026,https://images.moneycontrol.com/news_html_files/pdffiles/Apr2026/bharat-pet.pdf,ipo_documents\14_bharat_pet_limited_drhp.pdf,7.85 MB
16,IPO Prospectus,Gujarat Victory Forgings Limited,08 Apr 2026,https://images.moneycontrol.com/news_html_files/pdffiles/Apr2026/gujarat-victory.pdf,ipo_documents\15_gujarat_victory_forgings_limited_drhp.pdf,9.47 MB
17,IPO Prospectus,Nityas Gems and Jewellery Limited,08 Apr 2026,https://images.moneycontrol.com/news_html_files/pdffiles/Apr2026/nityas-gems.pdf,ipo_documents\16_nityas_gems_and_jewellery_limited_drhp.pdf,8.45 MB
18,IPO Prospectus,Expression 360 Services India Limited,10 Apr 2026,https://images.moneycontrol.com/news_html_files/pdffiles/Apr2026/expression-360.pdf,ipo_documents\12_expression_360_services_india_limited_drhp.pdf,10.51 MB
19,IPO Prospectus,Manipal Health Enterprises Limited,07 Apr 2026,https://images.moneycontrol.com/news_html_files/pdffiles/Apr2026/manipal-health.pdf,ipo_documents\18_manipal_health_enterprises_limited_drhp.pdf,13.71 MB
20,IPO Prospectus,Bvishal Oil and Energy Limited,08 Apr 2026,https://images.moneycontrol.com/news_html_files/pdffiles/Apr2026/bvishal-oil.pdf,ipo_documents\17_bvishal_oil_and_energy_limited_drhp.pdf,11.56 MB
21,IPO Prospectus,Sadbhav Futuretech Limited,07 Apr 2026,https://images.moneycontrol.com/news_html_files/pdffiles/Apr2026/sadbhav-futuretech.pdf,ipo_documents\20_sadbhav_futuretech_limited_drhp.pdf,9.41 MB
22,IPO Prospectus,Sterlite Electric Limited,24 Mar 2026,https://images.moneycontrol.com/news_html_files/pdffiles/Mar2026/sterlite-electric.pdf,ipo_documents\24_sterlite_electric_limited_drhp.pdf,1.13 MB
23,IPO Prospectus,Intellius Recode Limited,07 Apr 2026,https://images.moneycontrol.com/news_html_files/pdffiles/Apr2026/intellius-recode.pdf,ipo_documents\19_intellius_recode_limited_drhp.pdf,7.4 MB
24,IPO Prospectus,T.C. Terrytex Limited,10 Apr 2026,https://images.moneycontrol.com/news_html_files/pdffiles/Apr2026/t-c-terrytex.pdf,ipo_documents\13_tc_terrytex_limited_drhp.pdf,16.27 MB
25,IPO Prospectus,Rentomojo Limited,06 Apr 2026,https://images.moneycontrol.com/news_html_files/pdffiles/Apr2026/rentomojo-limited.pdf,ipo_documents\21_rentomojo_limited_drhp.pdf,8.92 MB
26,IPO Prospectus,SAEL Industries Limited,24 Feb 2026,https://images.moneycontrol.com/news_html_files/pdffiles/Feb2026/sael-industries.pdf,ipo_documents\30_sael_industries_limited_drhp.pdf,0.6 MB
27,IPO Prospectus,RKB Global Limited,02 Apr 2026,https://images.moneycontrol.com/news_html_files/pdffiles/Apr2026/rkb-global.pdf,ipo_documents\22_rkb_global_limited_drhp.pdf,8.7 MB
28,IPO Prospectus,Shreni Shares Limited,09 Mar 2026,https://images.moneycontrol.com/news_html_files/pdffiles/Mar2026/shreni-shares.pdf,ipo_documents\27_shreni_shares_limited_drhp.pdf,4.84 MB
29,IPO Prospectus,Sunil Gold India Limited,09 Mar 2026,https://images.moneycontrol.com/news_html_files/pdffiles/Mar2026/sunil-gold.pdf,ipo_documents\28_sunil_gold_india_limited_drhp.pdf,5.35 MB
30,IPO Prospectus,Truhome Finance Limited,24 Mar 2026,https://images.moneycontrol.com/news_html_files/pdffiles/Mar2026/truhome-finance.pdf,ipo_documents\25_truhome_finance_limited_drhp.pdf,8.25 MB
31,IPO Prospectus,SBI Funds Management Limited,24 Mar 2026,https://images.moneycontrol.com/news_html_files/pdffiles/Mar2026/sbi-funds.pdf,ipo_documents\26_sbi_funds_management_limited_drhp.pdf,9.76 MB
32,IPO Prospectus,Pioneer Fil-Med Limited,02 Apr 2026,https://images.moneycontrol.com/news_html_files/pdffiles/Apr2026/pioneer-fil.pdf,ipo_documents\23_pioneer_filmed_limited_drhp.pdf,16.84 MB
33,IPO Prospectus,Bonfiglioli Transmissions Limited,16 Feb 2026,https://images.moneycontrol.com/news_html_files/pdffiles/Feb2026/bonfiglioli-transmissions.pdf,ipo_documents\32_bonfiglioli_transmissions_limited_drhp.pdf,12.78 MB
34,IPO Prospectus,Moneyview Limited,09 Mar 2026,https://images.moneycontrol.com/news_html_files/pdffiles/Mar2026/moneyview-limited.pdf,ipo_documents\29_moneyview_limited_drhp.pdf,13.16 MB
35,IPO Prospectus,ArMee Infotech Limited,23 Jan 2026,https://images.moneycontrol.com/news_html_files/pdffiles/Jan2026/armee-infotech.pdf,ipo_documents\38_armee_infotech_limited_drhp.pdf,0.45 MB
36,IPO Prospectus,Rays of Belief Limited,17 Feb 2026,https://images.moneycontrol.com/news_html_files/pdffiles/Feb2026/rays-of.pdf,ipo_documents\31_rays_of_belief_limited_drhp.pdf,7.64 MB
37,IPO Prospectus,Turtlemint Fintech Solutions Limited,04 Feb 2026,https://images.moneycontrol.com/news_html_files/pdffiles/Feb2026/turtlemint-fintech.pdf,ipo_documents\34_turtlemint_fintech_solutions_limited_drhp.pdf,15.32 MB
38,IPO Prospectus,PhonePe Limited,23 Jan 2026,https://images.moneycontrol.com/news_html_files/pdffiles/Jan2026/phonepe-limited.pdf,ipo_documents\37_phonepe_limited_drhp.pdf,12.86 MB
39,IPO Prospectus,Marri Retail Limited,04 Feb 2026,https://images.moneycontrol.com/news_html_files/pdffiles/Feb2026/marri-retail.pdf,ipo_documents\35_marri_retail_limited_drhp.pdf,15.23 MB
40,IPO Prospectus,Veegaland Developers Limited,13 Jan 2026,https://images.moneycontrol.com/news_html_files/pdffiles/Jan2026/veegaland-developers.pdf,ipo_documents\42_veegaland_developers_limited_drhp.pdf,5.35 MB
41,IPO Prospectus,Hindustan Laboratories Limited,13 Jan 2026,https://images.moneycontrol.com/news_html_files/pdffiles/Jan2026/hindustan-laboratories.pdf,ipo_documents\43_hindustan_laboratories_limited_drhp.pdf,7.38 MB
42,IPO Prospectus,EAAA India Alternatives Limited,22 Jan 2026,https://images.moneycontrol.com/news_html_files/pdffiles/Jan2026/eaaa-india.pdf,ipo_documents\40_eaaa_india_alternatives_limited_drhp.pdf,11.69 MB
43,IPO Prospectus,Kanohar Electricals Limited,28 Jan 2026,https://images.moneycontrol.com/news_html_files/pdffiles/Jan2026/kanohar-electricals.pdf,ipo_documents\36_kanohar_electricals_limited_drhp.pdf,11.38 MB
44,IPO Prospectus,SRIT India Limited,06 Feb 2026,https://images.moneycontrol.com/news_html_files/pdffiles/Feb2026/srit-india.pdf,ipo_documents\33_srit_india_limited_drhp.pdf,6.41 MB
45,IPO Prospectus,Vishal Nirmiti Limited,12 Jan 2026,https://images.moneycontrol.com/news_html_files/pdffiles/Jan2026/vishal-nirmiti.pdf,ipo_documents\44_vishal_nirmiti_limited_drhp.pdf,8.89 MB
46,IPO Prospectus,Rodec Pharma Limited,20 Jan 2026,https://images.moneycontrol.com/news_html_files/pdffiles/Jan2026/rodec-pharma.pdf,ipo_documents\41_rodec_pharma_limited_drhp.pdf,8.32 MB
47,IPO Prospectus,Advanta Enterprises Limited,22 Jan 2026,https://images.moneycontrol.com/news_html_files/pdffiles/Jan2026/advanta-enterprises.pdf,ipo_documents\39_advanta_enterprises_limited_drhp.pdf,10.95 MB
48,IPO Prospectus,Horizon Industrial Parks Limited,05 Jan 2026,https://images.moneycontrol.com/news_html_files/pdffiles/Jan2026/horizon-industrial.pdf,ipo_documents\47_horizon_industrial_parks_limited_drhp.pdf,10.92 MB
49,IPO Prospectus,Mehta Hitech Industries Limited,02 Jan 2026,https://images.moneycontrol.com/news_html_files/pdffiles/Jan2026/mehta-hitech.pdf,ipo_documents\48_mehta_hitech_industries_limited_drhp.pdf,6.67 MB
50,IPO Prospectus,SS Retail Limited,05 Jan 2026,https://images.moneycontrol.com/news_html_files/pdffiles/Jan2026/ss-retail.pdf,ipo_documents\46_ss_retail_limited_drhp.pdf,13.85 MB
51,IPO Prospectus,Neolite ZKW lightings Limited,02 Jan 2026,https://images.moneycontrol.com/news_html_files/pdffiles/Jan2026/neolite-zkw.pdf,ipo_documents\49_neolite_zkw_lightings_limited_drhp.pdf,14.64 MB
52,IPO Prospectus,Deepa Jewellers Limited,02 Jan 2026,https://images.moneycontrol.com/news_html_files/pdffiles/Jan2026/deepa-jewellers.pdf,ipo_documents\50_deepa_jewellers_limited_drhp.pdf,12.78 MB
53,IPO Prospectus,Casagrand Premier Builder Limited,31 Dec 2025,https://images.moneycontrol.com/news_html_files/pdffiles/Dec2025/casagrand-premier.pdf,ipo_documents\52_casagrand_premier_builder_limited_drhp.pdf,16.39 MB
54,IPO Prospectus,Surgiwear Limited,07 Jan 2026,https://images.moneycontrol.com/news_html_files/pdffiles/Jan2026/surgiwear-limited.pdf,ipo_documents\45_surgiwear_limited_drhp.pdf,12.89 MB
55,IPO Prospectus,Yatayat Corporation India Limited,29 Dec 2025,https://images.moneycontrol.com/news_html_files/pdffiles/Dec2025/yatayat-corporation.pdf,ipo_documents\54_yatayat_corporation_india_limited_drhp.pdf,12.6 MB
56,IPO Prospectus,Tonbo Imaging India Limited,30 Dec 2025,https://images.moneycontrol.com/news_html_files/pdffiles/Dec2025/tonbo-imaging.pdf,ipo_documents\53_tonbo_imaging_india_limited_drhp.pdf,7.95 MB
57,IPO Prospectus,Krishna Buildspace Limited,02 Jan 2026,https://images.moneycontrol.com/news_html_files/pdffiles/Jan2026/krishna-buildspace.pdf,ipo_documents\51_krishna_buildspace_limited_drhp.pdf,8.5 MB
58,IPO Prospectus,Crystal Crop Protection Limited,22 Dec 2025,https://images.moneycontrol.com/news_html_files/pdffiles/Dec2025/crystal-crop.pdf,ipo_documents\57_crystal_crop_protection_limited_drhp.pdf,8.46 MB
59,IPO Prospectus,ASPRI Spirits Limited,18 Dec 2025,https://images.moneycontrol.com/news_html_files/pdffiles/Dec2025/aspri-spirits.pdf,ipo_documents\59_aspri_spirits_limited_drhp.pdf,11.81 MB
60,IPO Prospectus,Symbiotec Pharmalab Limited,24 Dec 2025,https://images.moneycontrol.com/news_html_files/pdffiles/Dec2025/symbiotec-pharmalab.pdf,ipo_documents\56_symbiotec_pharmalab_limited_drhp.pdf,10.83 MB
61,IPO Prospectus,SteamHouse India Limited,09 Dec 2025,https://images.moneycontrol.com/news_html_files/pdffiles/Dec2025/steamhouse-india.pdf,ipo_documents\63_steamhouse_india_limited_drhp.pdf,12.07 MB
62,IPO Prospectus,Sonaselection India Limited,17 Dec 2025,https://images.moneycontrol.com/news_html_files/pdffiles/Dec2025/sonaselection-india.pdf,ipo_documents\60_sonaselection_india_limited_drhp.pdf,15.95 MB
63,IPO Prospectus,Renny Strips Limited,19 Dec 2025,https://images.moneycontrol.com/news_html_files/pdffiles/Dec2025/renny-strips.pdf,ipo_documents\58_renny_strips_limited_drhp.pdf,7.72 MB
64,IPO Prospectus,AceVector Limited,09 Dec 2025,https://images.moneycontrol.com/news_html_files/pdffiles/Dec2025/acevector-limited.pdf,ipo_documents\62_acevector_limited_drhp.pdf,9.82 MB
65,IPO Prospectus,Hexagon Nutrition Limited,28 Nov 2025,https://images.moneycontrol.com/news_html_files/pdffiles/Nov2025/hexagon-nutrition.pdf,ipo_documents\66_hexagon_nutrition_limited_drhp.pdf,0.76 MB
66,IPO Prospectus,Orient Cables (India) Limited - addendum to DRHP,20 Nov 2025,https://images.moneycontrol.com/news_html_files/pdffiles/Nov2025/orient-cables-india.pdf,ipo_documents\68_orient_cables_india_limited_addendum_to_drhp_drhp.pdf,0.64 MB
67,IPO Prospectus,Gaja Alternative Asset Management Limited,05 Dec 2025,https://images.moneycontrol.com/news_html_files/pdffiles/Dec2025/gaja-alternative.pdf,ipo_documents\64_gaja_alternative_asset_management_limited_drhp.pdf,6.79 MB
68,IPO Prospectus,Hero Fincorp Limited,28 Nov 2025,https://images.moneycontrol.com/news_html_files/pdffiles/Nov2025/hero-fincorp.pdf,ipo_documents\65_hero_fincorp_limited_drhp.pdf,3.19 MB
69,IPO Prospectus,WOG Technologies Limited,29 Dec 2025,https://images.moneycontrol.com/news_html_files/pdffiles/Dec2025/wog-technologies.pdf,ipo_documents\55_wog_technologies_limited_drhp.pdf,8.72 MB
70,IPO Prospectus,Shiprocket Limited,15 Dec 2025,https://images.moneycontrol.com/news_html_files/pdffiles/Dec2025/shiprocket-limited.pdf,ipo_documents\61_shiprocket_limited_drhp.pdf,12.41 MB
71,IPO Prospectus,Milestone Gears Limited,27 Nov 2025,https://images.moneycontrol.com/news_html_files/pdffiles/Nov2025/milestone-gears.pdf,ipo_documents\67_milestone_gears_limited_drhp.pdf,10.43 MB
72,IPO Prospectus,Shadowfax Technologies Limited UDRHP-I,31 Oct 2025,https://images.moneycontrol.com/news_html_files/pdffiles/Nov2025/shadowfax-technologies.pdf,ipo_documents\70_shadowfax_technologies_limited_udrhpi_drhp.pdf,8.45 MB
73,IPO Prospectus,PRASOL CHEMICALS LIMITED,27 Oct 2025,https://images.moneycontrol.com/news_html_files/pdffiles/Oct2025/prasol-chemicals.pdf,ipo_documents\72_prasol_chemicals_limited_drhp.pdf,8.86 MB
74,IPO Prospectus,Manipal Payment and Identity Solutions Limited,11 Nov 2025,https://images.moneycontrol.com/news_html_files/pdffiles/Nov2025/manipal-payment.pdf,ipo_documents\69_manipal_payment_and_identity_solutions_limited_drhp.pdf,10.6 MB
75,IPO Prospectus,Imagine Marketing Limited - UDRHP,29 Oct 2025,https://images.moneycontrol.com/news_html_files/pdffiles/Oct2025/imagine-marketing.pdf,ipo_documents\71_imagine_marketing_limited_udrhp_drhp.pdf,7.42 MB
76,IPO Prospectus,Meesho Limited - UDRHP,27 Oct 2025,https://images.moneycontrol.com/news_html_files/pdffiles/Oct2025/meesho-limited.pdf,ipo_documents\73_meesho_limited_udrhp_drhp.pdf,18.52 MB
77,IPO Prospectus,Ardee Industries Limited,10 Oct 2025,https://images.moneycontrol.com/news_html_files/pdffiles/Oct2025/ardee-industries.pdf,ipo_documents\78_ardee_industries_limited_drhp.pdf,7.66 MB
78,IPO Prospectus,Integris Medtech Limited,23 Oct 2025,https://images.moneycontrol.com/news_html_files/pdffiles/Oct2025/integris-medtech.pdf,ipo_documents\75_integris_medtech_limited_drhp.pdf,11.44 MB
79,IPO Prospectus,Aastha Spintex Limited,09 Oct 2025,https://images.moneycontrol.com/news_html_files/pdffiles/Jun2026/aastha-spintex.pdf,ipo_documents\80_aastha_spintex_limited_drhp.pdf,18.97 MB
80,IPO Prospectus,Duroflex Limited,23 Oct 2025,https://images.moneycontrol.com/news_html_files/pdffiles/Oct2025/duroflex-limited.pdf,ipo_documents\74_duroflex_limited_drhp.pdf,10.17 MB
81,IPO Prospectus,Aarvee Engineering Consultants Limited,09 Oct 2025,https://images.moneycontrol.com/news_html_files/pdffiles/Dec2025/aarvee-engineering.pdf,ipo_documents\79_aarvee_engineering_consultants_limited_drhp.pdf,9.06 MB
82,IPO Prospectus,Rays Power Infra Limited,16 Oct 2025,https://images.moneycontrol.com/news_html_files/pdffiles/Oct2025/rays-power.pdf,ipo_documents\76_rays_power_infra_limited_drhp.pdf,14.22 MB
83,IPO Prospectus,Jerai Fitness Limited,09 Oct 2025,https://images.moneycontrol.com/news_html_files/pdffiles/Oct2025/jerai-fitness.pdf,ipo_documents\81_jerai_fitness_limited_drhp.pdf,10.92 MB
84,IPO Prospectus,Augmont Enterprises Limited,09 Oct 2025,https://images.moneycontrol.com/news_html_files/pdffiles/Oct2025/augmont-enterprises.pdf,ipo_documents\83_augmont_enterprises_limited_drhp.pdf,16.89 MB
85,IPO Prospectus,Hotel Polo Towers Limited,10 Oct 2025,https://images.moneycontrol.com/news_html_files/pdffiles/Oct2025/hotel-polo.pdf,ipo_documents\77_hotel_polo_towers_limited_drhp.pdf,12.53 MB
86,IPO Prospectus,Learnfluence Education Limited,09 Oct 2025,https://images.moneycontrol.com/news_html_files/pdffiles/Oct2025/learnfluence-education.pdf,ipo_documents\82_learnfluence_education_limited_drhp.pdf,9.72 MB
87,IPO Prospectus,SKY Alloys And Power Limited,09 Oct 2025,https://images.moneycontrol.com/news_html_files/pdffiles/Oct2025/sky-alloys.pdf,ipo_documents\85_sky_alloys_and_power_limited_drhp.pdf,5.19 MB
88,IPO Prospectus,Associated Power Structures Limited,09 Oct 2025,https://images.moneycontrol.com/news_html_files/pdffiles/Oct2025/associated-power.pdf,ipo_documents\87_associated_power_structures_limited_drhp.pdf,6.14 MB
89,IPO Prospectus,R.K. Steel Manufacturing Company Limited,09 Oct 2025,https://images.moneycontrol.com/news_html_files/pdffiles/Oct2025/r-k-steel.pdf,ipo_documents\84_rk_steel_manufacturing_company_limited_drhp.pdf,17.38 MB
90,IPO Prospectus,Aarvee Engineering Consultants Ltd.,09 Oct 2025,https://images.moneycontrol.com/news_html_files/pdffiles/Oct2025/aarvee-engineering.pdf,ipo_documents\88_aarvee_engineering_consultants_ltd_drhp.pdf,9.06 MB
91,IPO Prospectus,Sai Parentarals Limited,09 Oct 2025,https://images.moneycontrol.com/news_html_files/pdffiles/Oct2025/sai-parentarals.pdf,ipo_documents\91_sai_parentarals_limited_drhp.pdf,9.71 MB
92,IPO Prospectus,Runwal Developers Limited,09 Oct 2025,https://images.moneycontrol.com/news_html_files/pdffiles/Oct2025/runwal-developers.pdf,ipo_documents\94_runwal_developers_limited_drhp.pdf,8.22 MB
93,IPO Prospectus,Alpine Texworld Limited,09 Oct 2025,https://images.moneycontrol.com/news_html_files/pdffiles/Oct2025/alpine-texworld.pdf,ipo_documents\89_alpine_texworld_limited_drhp.pdf,8.4 MB
94,IPO Prospectus,Mann Fleet Partners Limited,09 Oct 2025,https://images.moneycontrol.com/news_html_files/pdffiles/Oct2025/mann-fleet.pdf,ipo_documents\93_mann_fleet_partners_limited_drhp.pdf,9.9 MB
95,IPO Prospectus,APPL Containers Limited,08 Oct 2025,https://images.moneycontrol.com/news_html_files/pdffiles/Jan2026/appl-containers.pdf,ipo_documents\96_appl_containers_limited_drhp.pdf,5.99 MB
96,IPO Prospectus,CJ Darcl Logistics Limited,09 Oct 2025,https://images.moneycontrol.com/news_html_files/pdffiles/Oct2025/cj-darcl.pdf,ipo_documents\92_cj_darcl_logistics_limited_drhp.pdf,13.42 MB
97,IPO Prospectus,Pride Hotels Limited,09 Oct 2025,https://images.moneycontrol.com/news_html_files/pdffiles/Oct2025/pride-hotels.pdf,ipo_documents\90_pride_hotels_limited_drhp.pdf,8.95 MB
98,IPO Prospectus,Vishvaraj Environment Limited,09 Oct 2025,https://images.moneycontrol.com/news_html_files/pdffiles/Oct2025/vishvaraj-environment.pdf,ipo_documents\86_vishvaraj_environment_limited_drhp.pdf,13.05 MB
99,IPO Prospectus,Bonbloc Technologies Limited,08 Oct 2025,https://images.moneycontrol.com/news_html_files/pdffiles/Feb2026/bonbloc-technologies.pdf,ipo_documents\97_bonbloc_technologies_limited_drhp.pdf,6.05 MB
100,IPO Prospectus,Lalbaba Engineering Limited,09 Oct 2025,https://images.moneycontrol.com/news_html_files/pdffiles/Oct2025/lalbaba-engineering.pdf,ipo_documents\95_lalbaba_engineering_limited_drhp.pdf,14.5 MB
101,IPO Prospectus,HD Fire Protect Limited,08 Oct 2025,https://images.moneycontrol.com/news_html_files/pdffiles/Oct2025/hd-fire.pdf,ipo_documents\98_hd_fire_protect_limited_drhp.pdf,8.77 MB
102,IPO Prospectus,Deon Energy Limited,08 Oct 2025,https://images.moneycontrol.com/news_html_files/pdffiles/Oct2025/deon-energy.pdf,ipo_documents\100_deon_energy_limited_drhp.pdf,9.21 MB
103,IPO Prospectus,Commtel Networks Limited,08 Oct 2025,https://images.moneycontrol.com/news_html_files/pdffiles/Oct2025/commtel-networks.pdf,ipo_documents\101_commtel_networks_limited_drhp.pdf,6.17 MB
